id,first_name,last_name,email,country,ip_address
1,Thomas,Robertson,trobertson0@sohu.com,Bangladesh,17.123.188.252




2,Jonathan,Wallace,jwallace1@google.pl,China,222.40.225.255
3,Keith,Gardner,kgardner2@vk.com,Indonesia,251.176.25.112
4,Jack,Washington,jwashington3@com.com,Portugal,36.107.44.13
asldkfj.,asdfasfasdf,asdf,sad,f,adsf,sadf,ds,as,f,asd,fsad,f,dsaf,ds,f,dsf,ads,f,dsf,ds,fds,fas,
5,Frank,Shaw,fshaw4@amazon.co.jp,China,15.123.242.88
6,Kathleen,Sullivan,ksullivan5@uol.com.br,Brazil,58.87.234.130
7,Evelyn,Wilson,ewilson6@i2i.jp,Afghanistan,185.22.20.39
8,Harry,Carter,hcarter7@google.ru,Colombia,161.109.18.68
9,Kenneth,Kim,kkim8@disqus.com,China,169.26.161.147
10,Beverly,Dean,bdean9@reverbnation.com,Indonesia,150.11.208.187
11,Paul,Williams,pwilliamsa@newyorker.com,Benin,239.173.189.247
12,Keith,Smith,ksmithb@live.com,Brazil,117.77.175.171
13,Craig,Turner,cturnerc@sbwire.com,Brazil,71.3.14.219
14,Gregory,Perez,gperezd@liveinternet.ru,China,173.242.88.214
15,Joan,Gibson,jgibsone@bbb.org,China,165.164.88.126
16,Susan,Rogers,srogersf@drupal.org,Indonesia,13.160.249.75
17,Steve,Davis,sdavisg@acquirethisname.com,Sweden,120.234.39.60
18,Douglas,Phillips,dphillipsh@nyu.edu,Pakistan,137.71.13.147
19,Rose,Myers,rmyersi@i2i.jp,China,110.141.55.217
20,Gary,Fields,gfieldsj@elegantthemes.com,Japan,212.145.162.186
21,Laura,Wilson,lwilsonk@ebay.co.uk,Indonesia,30.198.66.114
22,Joseph,Moore,jmoorel@eepurl.com,Ukraine,150.38.85.85
23,Adam,Lawrence,alawrencem@engadget.com,Vietnam,56.92.71.136
24,Michelle,Walker,mwalkern@ucsd.edu,Sweden,108.87.229.58
25,Katherine,Peters,kpeterso@creativecommons.org,Ecuador,175.61.202.240
26,Daniel,Fernandez,dfernandezp@digg.com,Brazil,33.174.55.183
27,Donna,Cruz,dcruzq@google.nl,China,197.110.159.97
28,Willie,Taylor,wtaylorr@vistaprint.com,Ukraine,178.197.254.128
29,Lawrence,Diaz,ldiazs@elegantthemes.com,Mexico,98.55.35.121
30,Julia,Hart,jhartt@howstuffworks.com,China,176.171.78.102
31,Lillian,Barnes,lbarnesu@boston.com,Venezuela,115.116.166.190
32,Carol,Howard,chowardv@mozilla.org,Paraguay,207.236.184.34
33,Kathy,Mason,kmasonw@theglobeandmail.com,Portugal,131.156.171.223
34,Sara,King,skingx@about.me,Mexico,196.145.153.69
35,Angela,Murray,amurrayy@umich.edu,Philippines,51.127.155.148
36,Timothy,Montgomery,tmontgomeryz@pcworld.com,Indonesia,156.25.103.69
37,Denise,Rice,drice10@vkontakte.ru,China,129.55.21.201
38,Patricia,Richards,prichards11@wikimedia.org,Morocco,60.210.61.246
39,Debra,Franklin,dfranklin12@skype.com,Greece,176.119.144.88
40,Brian,Berry,bberry13@meetup.com,New Zealand,138.225.134.60
41,Ryan,Mitchell,rmitchell14@spiegel.de,Russia,254.93.23.228
42,Sean,Reid,sreid15@is.gd,Serbia,127.62.183.73
43,Joe,Gutierrez,jgutierrez16@bing.com,China,105.95.203.235
44,Ashley,Castillo,acastillo17@hibu.com,China,72.115.95.114
45,Jason,Peters,jpeters18@economist.com,Russia,140.230.124.214
46,Jacqueline,Watson,jwatson19@networkadvertising.org,China,253.232.53.111
47,Todd,Patterson,tpatterson1a@moonfruit.com,Thailand,105.88.59.144
48,Karen,Greene,kgreene1b@vinaora.com,Philippines,29.79.150.211
49,Sarah,Ferguson,sferguson1c@friendfeed.com,Russia,123.206.114.135
50,Julie,Little,jlittle1d@rediff.com,Indonesia,208.17.132.0
51,Ann,Edwards,aedwards1e@printfriendly.com,Norway,18.203.67.194
52,Ernest,Elliott,eelliott1f@angelfire.com,Vietnam,107.135.175.169
53,Rose,Kelley,rkelley1g@lycos.com,Indonesia,60.63.161.12
54,Wayne,Ellis,wellis1h@scribd.com,Netherlands,24.92.139.50
55,Diane,George,dgeorge1i@alibaba.com,France,108.191.62.165
56,Angela,Reed,areed1j@marriott.com,North Korea,52.71.118.88
57,Lawrence,Jenkins,ljenkins1k@toplist.cz,Indonesia,28.3.46.52
58,Amy,Woods,awoods1l@lycos.com,Russia,15.107.112.19
59,Mildred,Fernandez,mfernandez1m@icio.us,Nigeria,86.204.179.181
60,Scott,Garza,sgarza1n@ifeng.com,Russia,139.228.200.196
61,Eric,Hansen,ehansen1o@oracle.com,Russia,150.160.21.73
62,Joyce,Washington,jwashington1p@imageshack.us,China,227.133.182.194
63,Carolyn,Nichols,cnichols1q@samsung.com,Georgia,19.168.157.229
64,Louis,Hart,lhart1r@go.com,Japan,11.25.209.89
65,Denise,Cole,dcole1s@drupal.org,Mali,16.4.30.131
66,Sara,Pierce,spierce1t@cyberchimps.com,Tajikistan,23.89.39.50
67,Eugene,Perry,eperry1u@sohu.com,Sweden,54.109.42.95
68,Bruce,Stevens,bstevens1v@quantcast.com,Colombia,227.83.26.32
69,Bonnie,Sanders,bsanders1w@amazonaws.com,Russia,82.143.226.104
70,Stephen,Cox,scox1x@multiply.com,Albania,28.1.163.109
71,Anna,Roberts,aroberts1y@discuz.net,Indonesia,125.142.64.95
72,Mark,Kelly,mkelly1z@blogspot.com,Indonesia,38.198.127.238
73,Joe,Edwards,jedwards20@squidoo.com,Brazil,219.169.173.15
74,Jane,Alexander,jalexander21@com.com,Tunisia,239.212.184.65
75,Todd,Burke,tburke22@pinterest.com,United States,121.117.165.94
76,Jesse,Fisher,jfisher23@stanford.edu,Indonesia,101.111.56.0
77,Carl,Peters,cpeters24@nymag.com,Argentina,18.133.8.131
78,Todd,Bishop,tbishop25@github.com,China,148.35.57.241
79,Jimmy,Carroll,jcarroll26@aol.com,Micronesia,102.176.174.176
80,Bonnie,Hernandez,bhernandez27@clickbank.net,United States,195.128.70.78
81,Fred,Rivera,frivera28@state.tx.us,Indonesia,176.245.5.179
82,Rachel,Dean,rdean29@google.com.hk,Philippines,221.137.32.90
83,Douglas,Peterson,dpeterson2a@nih.gov,Bulgaria,41.51.55.30
84,Barbara,Sims,bsims2b@tinypic.com,Slovenia,82.90.229.208
85,Kathryn,Green,kgreen2c@nba.com,Indonesia,49.144.188.74
86,Fred,Hicks,fhicks2d@addthis.com,Poland,205.123.120.1
87,Jeffrey,Campbell,jcampbell2e@state.tx.us,Indonesia,179.174.82.232
88,Christina,Harrison,charrison2f@imgur.com,Poland,86.216.127.84
89,Virginia,Fisher,vfisher2g@google.pl,China,252.33.228.155
90,Melissa,Brown,mbrown2h@csmonitor.com,Indonesia,19.49.94.155
91,Arthur,Graham,agraham2i@vkontakte.ru,China,48.250.200.88
92,Ruth,Moreno,rmoreno2j@so-net.ne.jp,Poland,213.116.91.186
93,Antonio,Simmons,asimmons2k@pinterest.com,Nigeria,23.98.116.38
94,Ruby,Oliver,roliver2l@odnoklassniki.ru,China,30.1.38.71
95,Anthony,Cruz,acruz2m@google.pl,United States,112.169.36.211
96,Keith,Ferguson,kferguson2n@tinyurl.com,China,65.143.249.7
97,Marilyn,Mccoy,mmccoy2o@columbia.edu,Slovenia,167.32.46.15
98,Todd,Bradley,tbradley2p@xinhuanet.com,Brazil,231.136.221.210
99,Benjamin,Garza,bgarza2q@webmd.com,Bosnia and Herzegovina,173.214.145.63
100,Harold,Porter,hporter2r@twitter.com,Nepal,199.77.13.3
101,Daniel,Bryant,dbryant2s@sciencedirect.com,Morocco,192.48.110.139
102,Diana,Kelley,dkelley2t@cam.ac.uk,Philippines,0.58.156.91
103,Amy,Dunn,adunn2u@jugem.jp,Haiti,234.157.84.119
104,Cynthia,Fowler,cfowler2v@cyberchimps.com,Colombia,190.53.10.230
105,Jeremy,Mason,jmason2w@princeton.edu,Ukraine,188.206.172.50
106,Dorothy,Jones,djones2x@issuu.com,Peru,137.191.26.191
107,William,Gordon,wgordon2y@so-net.ne.jp,Indonesia,209.167.146.140
108,Justin,Morrison,jmorrison2z@nsw.gov.au,Poland,50.75.220.224
109,Bobby,Bennett,bbennett30@sphinn.com,Argentina,89.174.77.70
110,Julie,Snyder,jsnyder31@diigo.com,Russia,77.133.190.229
111,Judith,Thompson,jthompson32@ebay.com,Central African Republic,59.107.43.130
112,Matthew,Howell,mhowell33@linkedin.com,Moldova,123.83.114.168
113,Nicholas,Boyd,nboyd34@state.gov,Czech Republic,55.135.116.235
114,Richard,Marshall,rmarshall35@ucoz.com,China,128.50.0.146
115,Ruth,Wheeler,rwheeler36@goodreads.com,Ukraine,160.243.148.93
116,Sharon,Richardson,srichardson37@ebay.co.uk,Syria,129.140.246.187
117,Ann,Holmes,aholmes38@samsung.com,United States,36.214.157.81
118,Robin,James,rjames39@ow.ly,Nigeria,128.175.236.64
119,Ann,Fisher,afisher3a@drupal.org,Mongolia,206.152.73.57
120,Tammy,Marshall,tmarshall3b@who.int,Albania,7.67.140.184
121,Beverly,Hall,bhall3c@google.com.au,Poland,145.226.150.118
122,William,Nguyen,wnguyen3d@slate.com,Nigeria,73.138.156.59
123,Kathryn,Mitchell,kmitchell3e@nba.com,Greece,135.7.49.234
124,Ronald,Morgan,rmorgan3f@blogtalkradio.com,Latvia,189.124.149.182
125,Diane,Wallace,dwallace3g@cbsnews.com,Argentina,141.117.203.168
126,Andrea,Nguyen,anguyen3h@marriott.com,China,254.207.30.102
127,Kenneth,Daniels,kdaniels3i@altervista.org,Thailand,236.77.177.249
128,Tammy,Carroll,tcarroll3j@goodreads.com,South Korea,84.30.33.99
129,Steve,Marshall,smarshall3k@so-net.ne.jp,Portugal,109.81.76.47
130,Kathleen,Flores,kflores3l@mlb.com,Portugal,73.16.150.67
131,Timothy,Franklin,tfranklin3m@google.it,Poland,85.72.60.198
132,Eric,Martinez,emartinez3n@dmoz.org,Czech Republic,180.209.25.182
133,Doris,Montgomery,dmontgomery3o@webnode.com,Poland,42.81.127.156
134,Craig,Ferguson,cferguson3p@washingtonpost.com,Russia,61.29.223.27
135,Jeremy,Day,jday3q@blog.com,Morocco,66.97.219.111
136,Nicole,Fields,nfields3r@springer.com,Philippines,84.151.228.37
137,Adam,Anderson,aanderson3s@ask.com,French Polynesia,192.162.90.122
138,Janice,James,jjames3t@woothemes.com,Finland,27.163.159.237
139,Jean,Fuller,jfuller3u@noaa.gov,United States,81.78.93.116
140,Rose,Hudson,rhudson3v@microsoft.com,Japan,123.118.86.155
141,Tammy,Marshall,tmarshall3w@princeton.edu,Philippines,34.164.4.35
142,Michael,Medina,mmedina3x@yandex.ru,Madagascar,136.217.155.28
143,Joyce,Stevens,jstevens3y@washingtonpost.com,Japan,23.48.77.96
144,Karen,Robinson,krobinson3z@123-reg.co.uk,Uganda,83.113.88.109
145,Julie,Bennett,jbennett40@spiegel.de,Sudan,155.28.34.2
146,Marie,Knight,mknight41@arizona.edu,Aland Islands,153.114.120.243
147,Frances,Daniels,fdaniels42@sciencedaily.com,Vietnam,54.62.119.66
148,Sandra,Peterson,speterson43@boston.com,El Salvador,213.223.162.181
149,Melissa,Fisher,mfisher44@drupal.org,Indonesia,149.118.194.62
150,Virginia,Diaz,vdiaz45@wisc.edu,China,237.76.252.178
151,Wanda,Sims,wsims46@techcrunch.com,Indonesia,228.85.179.69
152,Julie,Romero,jromero47@sun.com,Thailand,132.210.100.108
153,Charles,Kelley,ckelley48@nba.com,Czech Republic,221.124.107.182
154,Jeremy,Hamilton,jhamilton49@canalblog.com,Brazil,73.156.243.123
155,Roger,Griffin,rgriffin4a@technorati.com,China,195.46.229.136
156,Julie,Burton,jburton4b@utexas.edu,East Timor,140.143.209.92
157,Dennis,Rose,drose4c@twitpic.com,Germany,46.64.143.113
158,Craig,Mccoy,cmccoy4d@mediafire.com,France,166.251.141.88
159,Thomas,Ferguson,tferguson4e@xrea.com,Indonesia,184.63.179.192
160,Virginia,Marshall,vmarshall4f@eventbrite.com,Dominican Republic,201.206.124.158
161,Willie,Edwards,wedwards4g@ask.com,Brazil,79.191.196.91
162,Barbara,Peters,bpeters4h@paginegialle.it,United States,225.146.140.158
163,Timothy,Ryan,tryan4i@istockphoto.com,China,60.56.149.160
164,Carl,Woods,cwoods4j@pinterest.com,Botswana,220.127.8.90
165,Jason,Warren,jwarren4k@wordpress.com,South Africa,251.211.26.223
166,Carolyn,Hughes,chughes4l@economist.com,Portugal,164.64.185.146
167,Ryan,Campbell,rcampbell4m@youtu.be,Sweden,35.186.8.237
168,Susan,Mills,smills4n@livejournal.com,French Polynesia,104.71.148.225
169,Christina,King,cking4o@oakley.com,China,176.55.79.15
170,Jane,Reyes,jreyes4p@eventbrite.com,South Africa,197.191.167.92
171,Marilyn,Jordan,mjordan4q@ca.gov,South Africa,218.149.52.189
172,Helen,Reyes,hreyes4r@bloomberg.com,Netherlands,143.90.72.187
173,Paul,Ryan,pryan4s@chronoengine.com,Japan,7.184.118.211
174,Adam,Reid,areid4t@marriott.com,Indonesia,154.65.132.68
175,Mary,Mason,mmason4u@netlog.com,China,23.86.47.73
176,Roy,Carroll,rcarroll4v@sourceforge.net,Portugal,152.33.25.126
177,Willie,Garcia,wgarcia4w@dyndns.org,Czech Republic,192.162.195.175
178,Angela,Kelly,akelly4x@mlb.com,Marshall Islands,221.86.56.228
179,Stephanie,Reid,sreid4y@npr.org,China,48.95.184.25
180,Patrick,Richards,prichards4z@sfgate.com,Brazil,237.92.165.181
181,Brian,Flores,bflores50@nasa.gov,Yemen,244.249.23.73
182,Andrew,Flores,aflores51@yahoo.com,Japan,178.151.70.109
183,Paula,Stephens,pstephens52@irs.gov,Sri Lanka,172.100.50.212
184,Antonio,Ramirez,aramirez53@reddit.com,Sweden,253.58.191.229
185,Walter,Grant,wgrant54@miitbeian.gov.cn,Albania,3.142.114.26
186,Russell,Bowman,rbowman55@netscape.com,Indonesia,74.160.146.193
187,Daniel,Peters,dpeters56@utexas.edu,Gambia,214.198.62.72
188,Mildred,Hamilton,mhamilton57@nih.gov,Philippines,59.232.65.50
189,Kenneth,Phillips,kphillips58@nationalgeographic.com,China,154.15.29.8
190,Jean,Ramos,jramos59@facebook.com,China,113.244.199.186
191,Nicholas,Riley,nriley5a@oaic.gov.au,Indonesia,133.132.154.71
192,Joyce,Burton,jburton5b@symantec.com,Indonesia,193.169.159.237
193,Katherine,Jordan,kjordan5c@xrea.com,Azerbaijan,125.248.115.54
194,Anne,Edwards,aedwards5d@tripadvisor.com,Ireland,165.173.178.230
195,Earl,Hernandez,ehernandez5e@g.co,Poland,183.129.206.36
196,Ruth,Cole,rcole5f@people.com.cn,China,57.122.30.7
197,Martha,Hudson,mhudson5g@va.gov,China,64.102.251.233
198,Kathy,Hunter,khunter5h@joomla.org,Iran,2.227.173.89
199,Michael,Kelley,mkelley5i@home.pl,Nigeria,127.27.65.131
200,David,Garcia,dgarcia5j@cafepress.com,Botswana,212.48.56.78
201,Gary,Meyer,gmeyer5k@washingtonpost.com,France,140.19.243.180
202,Mark,Sanders,msanders5l@privacy.gov.au,Brazil,157.104.192.110
203,Joseph,Rivera,jrivera5m@opensource.org,Russia,116.61.46.139
204,Teresa,Rose,trose5n@webeden.co.uk,Albania,87.206.229.226
205,Adam,Bishop,abishop5o@netscape.com,Brazil,10.148.112.142
206,Kimberly,Little,klittle5p@virginia.edu,Indonesia,185.81.216.207
207,Johnny,Fields,jfields5q@forbes.com,Germany,111.219.42.236
208,Frank,Frazier,ffrazier5r@sakura.ne.jp,Russia,189.133.187.242
209,Jose,Anderson,janderson5s@w3.org,China,136.141.110.145
210,Sara,Stephens,sstephens5t@e-recht24.de,Philippines,15.222.219.64
211,Ralph,Webb,rwebb5u@feedburner.com,Portugal,57.78.145.252
212,Willie,Ford,wford5v@netvibes.com,Nigeria,178.240.0.168
213,Barbara,Green,bgreen5w@disqus.com,Russia,86.74.197.255
214,Brian,Mitchell,bmitchell5x@jugem.jp,Syria,140.248.93.157
215,Benjamin,Burns,bburns5y@skyrock.com,China,154.169.191.104
216,Denise,Romero,dromero5z@twitter.com,Sri Lanka,154.115.98.217
217,Evelyn,Willis,ewillis60@ebay.com,China,67.105.35.5
218,Phyllis,Wright,pwright61@ihg.com,China,247.63.10.119
219,Ashley,Banks,abanks62@berkeley.edu,Brazil,12.79.233.23
220,Kathryn,Fox,kfox63@bloglovin.com,Nicaragua,216.189.121.203
221,Daniel,Franklin,dfranklin64@wsj.com,Bosnia and Herzegovina,64.42.234.126
222,Robin,Rose,rrose65@businessweek.com,Nigeria,222.129.178.46
223,Alan,Edwards,aedwards66@plala.or.jp,Croatia,244.39.140.225
224,Kathryn,Morales,kmorales67@dell.com,Poland,82.205.182.134
225,Louise,Riley,lriley68@ucoz.com,Japan,255.124.7.8
226,Rachel,Holmes,rholmes69@toplist.cz,United States,182.161.0.116
227,Debra,Webb,dwebb6a@baidu.com,Albania,37.37.219.29
228,Nicole,Lawrence,nlawrence6b@wikia.com,Jordan,101.103.223.148
229,Norma,Dixon,ndixon6c@fastcompany.com,Costa Rica,243.50.173.196
230,Charles,George,cgeorge6d@yellowpages.com,United States,242.226.23.222
231,Bonnie,Holmes,bholmes6e@hp.com,Indonesia,193.25.240.88
232,Sara,Rose,srose6f@liveinternet.ru,Russia,140.74.241.207
233,Kelly,Cole,kcole6g@php.net,Brazil,119.229.24.169
234,Joan,Cruz,jcruz6h@jimdo.com,China,94.93.237.124
235,Bruce,Stone,bstone6i@latimes.com,Indonesia,93.35.159.147
236,Aaron,Roberts,aroberts6j@tinypic.com,Norway,179.149.121.94
237,Albert,Bowman,abowman6k@marriott.com,Indonesia,218.5.88.187
238,Karen,Phillips,kphillips6l@hud.gov,Croatia,204.35.139.217
239,Janice,Walker,jwalker6m@wikispaces.com,China,221.194.2.248
240,Alice,Baker,abaker6n@washington.edu,Greece,171.128.76.249
241,Diane,Perry,dperry6o@ezinearticles.com,Finland,62.182.229.100
242,Andrew,Ford,aford6p@ocn.ne.jp,China,36.52.121.208
243,Antonio,Willis,awillis6q@oakley.com,Portugal,39.240.27.21
244,Carolyn,Warren,cwarren6r@dot.gov,Ukraine,152.231.236.186
245,Cheryl,Peterson,cpeterson6s@simplemachines.org,China,77.138.159.228
246,Norma,Webb,nwebb6t@networkadvertising.org,China,241.35.209.183
247,Joan,Warren,jwarren6u@techcrunch.com,Philippines,250.17.229.31
248,Patrick,Ellis,pellis6v@hud.gov,Brazil,61.15.252.182
249,Thomas,Reid,treid6w@typepad.com,Egypt,59.121.53.105
250,Janice,Johnston,jjohnston6x@hibu.com,Mongolia,17.94.22.206
251,Elizabeth,Larson,elarson6y@toplist.cz,Mexico,78.154.129.10
252,Sean,Palmer,spalmer6z@accuweather.com,Ukraine,128.229.227.118
253,Donna,Hill,dhill70@bandcamp.com,Japan,240.233.119.238
254,Theresa,Gardner,tgardner71@t.co,Indonesia,43.212.154.79
255,Ronald,Mason,rmason72@liveinternet.ru,Indonesia,161.163.200.50
256,Sharon,Gonzales,sgonzales73@spiegel.de,Russia,15.195.253.131
257,Gerald,Reid,greid74@123-reg.co.uk,Brazil,193.56.180.101
258,Anne,Wheeler,awheeler75@theguardian.com,Russia,6.248.31.144
259,Joan,Lynch,jlynch76@rakuten.co.jp,South Korea,9.194.56.197
260,Joshua,Torres,jtorres77@ezinearticles.com,France,124.240.116.159
261,Shawn,Chapman,schapman78@macromedia.com,China,215.243.86.116
262,Ryan,Rose,rrose79@spotify.com,Russia,232.155.92.107
263,Paul,Cook,pcook7a@i2i.jp,Morocco,141.152.244.251
264,Aaron,Sanders,asanders7b@usda.gov,Bulgaria,152.175.215.11
265,Wayne,Mccoy,wmccoy7c@skype.com,Indonesia,129.98.199.131
266,Bruce,Bailey,bbailey7d@constantcontact.com,Brazil,152.251.141.112
267,Larry,Reid,lreid7e@adobe.com,Belarus,118.142.107.231
268,Harold,Richardson,hrichardson7f@google.com,Philippines,143.29.249.177
269,Chris,Henry,chenry7g@youtu.be,Russia,120.99.45.123
270,Andrew,Warren,awarren7h@microsoft.com,Brazil,44.146.55.164
271,Nicole,Castillo,ncastillo7i@flavors.me,Qatar,43.212.239.100
272,Sara,Flores,sflores7j@unc.edu,China,164.203.132.243
273,Nicholas,Medina,nmedina7k@businesswire.com,Ukraine,244.184.159.63
274,Joan,Cunningham,jcunningham7l@issuu.com,Portugal,115.94.211.106
275,Raymond,Parker,rparker7m@mediafire.com,Canada,122.58.105.12
276,Sharon,George,sgeorge7n@statcounter.com,Niger,21.164.231.227
277,Juan,Ryan,jryan7o@goo.gl,Russia,239.194.193.116
278,Justin,Baker,jbaker7p@furl.net,Portugal,33.62.72.226
279,Gloria,Freeman,gfreeman7q@reference.com,Guatemala,243.151.77.24
280,Jane,Larson,jlarson7r@ucla.edu,China,168.0.199.213
281,Craig,Burton,cburton7s@altervista.org,Indonesia,228.161.172.164
282,Joe,Marshall,jmarshall7t@bravesites.com,Venezuela,18.95.221.101
283,Louise,Walker,lwalker7u@reuters.com,Zimbabwe,142.162.72.54
284,Katherine,Edwards,kedwards7v@xrea.com,Portugal,183.254.37.255
285,Rebecca,Ray,rray7w@jalbum.net,Egypt,110.194.146.221
286,Phyllis,Carpenter,pcarpenter7x@etsy.com,Russia,159.0.172.184
287,Benjamin,Scott,bscott7y@devhub.com,Russia,198.139.89.49
288,Clarence,Coleman,ccoleman7z@friendfeed.com,Philippines,125.1.217.93
289,Jonathan,Taylor,jtaylor80@lycos.com,Sweden,223.27.186.197
290,Craig,Fowler,cfowler81@wired.com,Poland,243.244.87.74
291,Carl,Dean,cdean82@scribd.com,Russia,225.170.22.184
292,Nicholas,Gomez,ngomez83@senate.gov,Indonesia,38.9.8.133
293,Mildred,Gutierrez,mgutierrez84@about.com,Pakistan,101.249.135.14
294,Joan,Stevens,jstevens85@gov.uk,Colombia,137.119.236.236
295,James,Arnold,jarnold86@simplemachines.org,Indonesia,196.254.214.33
296,Steve,Peters,speters87@simplemachines.org,France,44.222.94.235
297,Shirley,Mitchell,smitchell88@chron.com,Zimbabwe,7.237.117.169
298,Debra,Young,dyoung89@pagesperso-orange.fr,China,176.136.171.211
299,Jeffrey,Sanders,jsanders8a@cocolog-nifty.com,Ireland,211.37.4.235
300,Jose,Berry,jberry8b@reuters.com,Japan,92.19.43.46
301,Peter,Lewis,plewis8c@phoca.cz,Portugal,143.39.233.188
302,Helen,Banks,hbanks8d@unblog.fr,North Korea,232.240.188.96
303,Stephen,Sullivan,ssullivan8e@wordpress.com,China,84.244.234.26
304,Carlos,Nichols,cnichols8f@trellian.com,Russia,8.195.29.153
305,Todd,Nguyen,tnguyen8g@gizmodo.com,China,66.112.14.15
306,Joshua,Stewart,jstewart8h@amazon.co.jp,Iran,50.91.230.101
307,Kimberly,Hill,khill8i@facebook.com,Belarus,113.50.87.144
308,Sean,Ryan,sryan8j@ifeng.com,France,138.12.245.217
309,Stephen,Mendoza,smendoza8k@mapy.cz,Indonesia,92.27.198.46
310,Donald,Owens,dowens8l@t.co,Indonesia,180.48.160.112
311,Barbara,Carter,bcarter8m@smugmug.com,France,214.70.220.227
312,Julie,Montgomery,jmontgomery8n@dion.ne.jp,Uruguay,70.83.112.196
313,Russell,Carpenter,rcarpenter8o@feedburner.com,Japan,7.72.242.234
314,Linda,Palmer,lpalmer8p@edublogs.org,Philippines,173.228.2.76
315,Donna,Hernandez,dhernandez8q@twitter.com,Thailand,120.121.95.14
316,Wayne,Ramos,wramos8r@shutterfly.com,France,31.238.69.129
317,Michelle,Kelly,mkelly8s@google.com.br,South Korea,178.220.25.231
318,Sarah,Kim,skim8t@imageshack.us,France,16.87.239.57
319,Mildred,Garcia,mgarcia8u@imdb.com,Croatia,238.130.82.202
320,Ryan,Carpenter,rcarpenter8v@imdb.com,China,110.27.92.191
321,Alice,White,awhite8w@webnode.com,Afghanistan,65.13.99.65
322,Julia,Oliver,joliver8x@360.cn,Indonesia,126.143.144.139
323,Rebecca,Dixon,rdixon8y@aboutads.info,Philippines,2.99.212.137
324,Bonnie,Cooper,bcooper8z@phpbb.com,Indonesia,191.144.247.93
325,Rebecca,Peterson,rpeterson90@myspace.com,Brazil,68.107.207.213
326,Lois,Montgomery,lmontgomery91@naver.com,Sweden,228.164.181.145
327,Maria,Matthews,mmatthews92@mediafire.com,Japan,46.204.39.144
328,Carol,Rogers,crogers93@whitehouse.gov,Oman,188.171.108.126
329,Kelly,Young,kyoung94@mediafire.com,Colombia,4.237.131.201
330,Aaron,Taylor,ataylor95@csmonitor.com,Bulgaria,133.87.105.161
331,Pamela,Kelly,pkelly96@facebook.com,Thailand,160.69.78.25
332,Michelle,Watkins,mwatkins97@reference.com,China,254.172.161.66
333,Michelle,Mills,mmills98@addthis.com,Morocco,176.206.97.180
334,Arthur,Myers,amyers99@pen.io,New Zealand,129.236.255.245
335,Diana,Cunningham,dcunningham9a@bbc.co.uk,Poland,99.189.117.226
336,Jose,Bowman,jbowman9b@pbs.org,China,249.201.0.10
337,Deborah,Freeman,dfreeman9c@mayoclinic.com,Russia,179.164.62.221
338,Harry,Gonzalez,hgonzalez9d@sitemeter.com,Tajikistan,9.66.33.229
339,Charles,Castillo,ccastillo9e@weather.com,Russia,223.139.133.11
340,Craig,Henry,chenry9f@mit.edu,Indonesia,20.230.2.139
341,Amanda,Smith,asmith9g@goo.ne.jp,Philippines,205.73.149.48
342,Louise,Morris,lmorris9h@cpanel.net,Honduras,158.82.82.12
343,Fred,Kennedy,fkennedy9i@squidoo.com,Indonesia,207.232.189.123
344,Diana,Bell,dbell9j@ehow.com,Macedonia,53.11.224.255
345,Tammy,Morris,tmorris9k@themeforest.net,Philippines,195.201.189.117
346,Jonathan,Morales,jmorales9l@goodreads.com,Indonesia,171.245.224.20
347,Donna,Medina,dmedina9m@youtube.com,Chile,163.228.114.28
348,Jeffrey,Edwards,jedwards9n@networkadvertising.org,Greece,229.176.97.57
349,Virginia,Wallace,vwallace9o@si.edu,Brazil,207.159.27.107
350,Karen,Clark,kclark9p@skype.com,Mauritius,158.153.222.220
351,Steve,Peters,speters9q@google.com,Sweden,77.41.49.84
352,Ruth,Boyd,rboyd9r@privacy.gov.au,Colombia,226.128.93.238
353,Lisa,Castillo,lcastillo9s@cnn.com,United States,50.45.180.230
354,Paul,Brown,pbrown9t@multiply.com,Poland,165.141.84.191
355,Todd,Jackson,tjackson9u@eventbrite.com,Indonesia,148.87.179.191
356,Janice,Cook,jcook9v@toplist.cz,Russia,66.82.200.24
357,George,Hayes,ghayes9w@ameblo.jp,Indonesia,59.89.177.223
358,Stephen,Ramos,sramos9x@linkedin.com,Finland,74.163.144.23
359,Gary,Weaver,gweaver9y@slashdot.org,Canada,3.246.100.25
360,Daniel,Hanson,dhanson9z@naver.com,Tajikistan,100.189.171.196
361,Julia,Gomez,jgomeza0@un.org,Indonesia,216.195.219.109
362,William,Cox,wcoxa1@gizmodo.com,France,165.61.142.202
363,Catherine,Fowler,cfowlera2@behance.net,Russia,158.188.75.189
364,Wayne,Burns,wburnsa3@livejournal.com,China,71.68.197.22
365,Evelyn,Schmidt,eschmidta4@trellian.com,Poland,135.70.253.100
366,Jennifer,Hall,jhalla5@devhub.com,Armenia,204.13.78.215
367,Steve,Green,sgreena6@columbia.edu,China,215.63.226.245
368,Patricia,Williams,pwilliamsa7@symantec.com,Peru,37.162.70.62
369,Christine,Fisher,cfishera8@nbcnews.com,Sweden,42.223.175.29
370,Raymond,Frazier,rfraziera9@microsoft.com,Portugal,227.102.138.37
371,Billy,Oliver,boliveraa@independent.co.uk,Syria,122.115.172.142
372,John,Walker,jwalkerab@walmart.com,Brazil,183.4.225.240
373,William,Nichols,wnicholsac@com.com,Ethiopia,179.162.231.46
374,Timothy,Hart,thartad@imageshack.us,Indonesia,138.74.111.106
375,Diane,Black,dblackae@uol.com.br,Indonesia,223.211.165.226
376,Anne,Bennett,abennettaf@about.com,United States,236.18.192.144
377,Janet,Richards,jrichardsag@netvibes.com,Mexico,157.226.165.203
378,Robert,Rose,rroseah@topsy.com,China,173.104.110.43
379,Janet,Mendoza,jmendozaai@jigsy.com,Brazil,207.75.198.234
380,Lori,Ford,lfordaj@list-manage.com,Netherlands,239.50.137.240
381,Brandon,Snyder,bsnyderak@zdnet.com,Poland,140.72.210.96
382,Lois,Stanley,lstanleyal@cloudflare.com,Russia,54.16.82.154
383,Donna,Welch,dwelcham@blogspot.com,France,112.96.90.199
384,Charles,Cruz,ccruzan@barnesandnoble.com,Indonesia,102.108.11.11
385,Sharon,Lee,sleeao@godaddy.com,Germany,66.82.142.146
386,Brenda,Medina,bmedinaap@techcrunch.com,Peru,173.198.255.26
387,Teresa,Chavez,tchavezaq@earthlink.net,Japan,182.4.10.123
388,Cheryl,Simpson,csimpsonar@spiegel.de,Madagascar,10.217.52.197
389,Louis,Dunn,ldunnas@theguardian.com,Ecuador,12.89.219.99
390,Virginia,Fields,vfieldsat@epa.gov,China,102.45.73.130
391,Jonathan,Wallace,jwallaceau@buzzfeed.com,Venezuela,54.67.116.211
392,Keith,Romero,kromeroav@ycombinator.com,Poland,45.108.224.204
393,Joan,Meyer,jmeyeraw@oracle.com,Ukraine,234.130.169.13
394,Angela,Meyer,ameyerax@qq.com,Sweden,192.54.230.151
395,Elizabeth,Butler,ebutleray@google.de,Panama,98.104.216.87
396,Aaron,Pierce,apierceaz@berkeley.edu,Sweden,3.59.172.16
397,Ernest,Cunningham,ecunninghamb0@constantcontact.com,Indonesia,146.103.158.107
398,Louise,Evans,levansb1@umn.edu,China,209.132.12.182
399,Benjamin,Daniels,bdanielsb2@slate.com,Brazil,167.23.75.134
400,Kathy,Crawford,kcrawfordb3@sciencedaily.com,China,238.0.57.31
401,Kimberly,Romero,kromerob4@deviantart.com,Trinidad and Tobago,167.14.121.3
402,Craig,Willis,cwillisb5@nifty.com,Germany,131.72.83.152
403,Craig,Ramos,cramosb6@theglobeandmail.com,Ukraine,8.52.69.96
404,Rose,Cook,rcookb7@vkontakte.ru,Nigeria,116.164.196.64
405,Gary,Snyder,gsnyderb8@usnews.com,China,89.51.121.102
406,Jean,Gray,jgrayb9@answers.com,China,210.103.121.50
407,Frances,Austin,faustinba@nytimes.com,Vietnam,252.8.113.48
408,Paul,Montgomery,pmontgomerybb@columbia.edu,Philippines,223.189.233.230
409,Nancy,Morrison,nmorrisonbc@bandcamp.com,Indonesia,199.76.202.65
410,Andrew,Hunt,ahuntbd@ustream.tv,China,76.226.51.5
411,Carl,Castillo,ccastillobe@netlog.com,China,193.64.88.58
412,Donna,Lewis,dlewisbf@topsy.com,Argentina,186.76.63.250
413,John,Brooks,jbrooksbg@bloomberg.com,China,136.152.219.28
414,Raymond,Morrison,rmorrisonbh@amazon.co.jp,Indonesia,174.28.109.246
415,Todd,Stephens,tstephensbi@google.de,China,149.40.94.229
416,Nicole,Ramirez,nramirezbj@dedecms.com,Russia,26.24.145.254
417,Anna,Williams,awilliamsbk@ebay.co.uk,China,230.152.132.56
418,Jessica,Jordan,jjordanbl@sun.com,Vietnam,55.254.130.109
419,Carol,Simpson,csimpsonbm@google.fr,Thailand,7.8.233.64
420,Doris,Ryan,dryanbn@soundcloud.com,Portugal,65.132.226.81
421,William,Banks,wbanksbo@mail.ru,Czech Republic,35.185.83.127
422,Carl,George,cgeorgebp@hostgator.com,China,14.12.2.200
423,Jonathan,Hernandez,jhernandezbq@hao123.com,Lebanon,220.200.100.121
424,Emily,Nelson,enelsonbr@accuweather.com,Portugal,124.208.17.218
425,Mildred,Boyd,mboydbs@shinystat.com,Tunisia,183.170.86.171
426,Andrea,Harris,aharrisbt@shutterfly.com,Indonesia,18.114.56.3
427,Stephen,Cole,scolebu@ehow.com,South Africa,207.53.228.5
428,Jack,Day,jdaybv@wp.com,China,92.169.111.130
429,Ryan,Fernandez,rfernandezbw@skype.com,Czech Republic,115.253.73.131
430,Debra,Jackson,djacksonbx@dmoz.org,Philippines,208.67.102.157
431,Joyce,Allen,jallenby@photobucket.com,Ukraine,1.28.90.235
432,Gloria,Sanchez,gsanchezbz@alexa.com,United States,86.116.81.36
433,Patricia,Foster,pfosterc0@mozilla.org,Philippines,211.253.216.127
434,Brandon,Gutierrez,bgutierrezc1@privacy.gov.au,Philippines,156.230.79.168
435,Kevin,Mason,kmasonc2@msu.edu,Jordan,116.135.179.174
436,Larry,Dunn,ldunnc3@gizmodo.com,Sweden,27.177.233.20
437,Craig,Carr,ccarrc4@bloglines.com,France,101.113.132.255
438,Christina,Ray,crayc5@home.pl,Indonesia,62.143.195.122
439,Henry,Porter,hporterc6@wordpress.com,Thailand,249.60.84.50
440,Larry,Dean,ldeanc7@shop-pro.jp,Bulgaria,210.60.142.229
441,Joshua,Ramos,jramosc8@pinterest.com,Sweden,122.22.31.195
442,Brandon,Ortiz,bortizc9@xrea.com,Albania,116.183.255.75
443,Julia,Warren,jwarrenca@google.de,France,203.62.235.145
444,Terry,Ruiz,truizcb@behance.net,Morocco,62.244.186.187
445,Edward,Cox,ecoxcc@1und1.de,China,139.103.192.170
446,Donna,Nelson,dnelsoncd@ed.gov,Turkmenistan,29.195.94.108
447,Howard,Ferguson,hfergusonce@skype.com,Russia,254.39.194.213
448,Dennis,Lawrence,dlawrencecf@aol.com,Nigeria,241.169.129.188
449,Samuel,Nelson,snelsoncg@phoca.cz,Philippines,14.155.68.177
450,Jose,Mitchell,jmitchellch@archive.org,Brazil,177.34.229.168
451,Joshua,Knight,jknightci@salon.com,Poland,23.152.45.87
452,Ralph,Mills,rmillscj@bizjournals.com,China,127.193.56.91
453,Gary,Edwards,gedwardsck@bizjournals.com,Finland,245.1.124.202
454,Heather,Webb,hwebbcl@naver.com,Indonesia,201.81.222.184
455,Christopher,Daniels,cdanielscm@nsw.gov.au,Indonesia,213.2.106.140
456,Christina,Ross,crosscn@seesaa.net,Greece,241.111.195.42
457,Jeremy,Reed,jreedco@fda.gov,Indonesia,129.4.237.209
458,Aaron,Gilbert,agilbertcp@paginegialle.it,Greece,46.139.88.30
459,Jennifer,Carr,jcarrcq@typepad.com,United States,96.182.5.11
460,Kevin,Flores,kflorescr@symantec.com,Brazil,57.96.222.24
461,Norma,Johnson,njohnsoncs@hugedomains.com,Tanzania,97.12.64.123
462,Jesse,Mccoy,jmccoyct@weather.com,China,12.21.108.87
463,Sean,Ray,sraycu@yandex.ru,Venezuela,189.150.197.128
464,Norma,Long,nlongcv@army.mil,Venezuela,253.169.29.22
465,Sarah,Hill,shillcw@sina.com.cn,China,29.4.174.172
466,Mary,Greene,mgreenecx@mac.com,Indonesia,62.36.79.121
467,Joan,Arnold,jarnoldcy@jiathis.com,United States,53.22.190.231
468,Russell,Bennett,rbennettcz@pbs.org,Indonesia,103.143.242.200
469,Timothy,Wagner,twagnerd0@unesco.org,Brazil,176.173.88.103
470,Johnny,Fernandez,jfernandezd1@domainmarket.com,China,254.171.226.217
471,Brandon,Morris,bmorrisd2@edublogs.org,Brazil,39.173.93.174
472,Christina,Diaz,cdiazd3@deliciousdays.com,Sweden,163.156.168.243
473,Steven,Riley,srileyd4@wix.com,Greece,158.138.225.217
474,Amy,Scott,ascottd5@diigo.com,Finland,142.63.82.55
475,Paul,Lopez,plopezd6@barnesandnoble.com,Indonesia,216.121.249.84
476,Christopher,Berry,cberryd7@accuweather.com,China,25.112.168.107
477,Johnny,Smith,jsmithd8@dot.gov,Papua New Guinea,215.202.185.236
478,Janice,Flores,jfloresd9@merriam-webster.com,Japan,48.163.117.156
479,Adam,Walker,awalkerda@rakuten.co.jp,Nigeria,141.204.244.223
480,Barbara,Stephens,bstephensdb@wikispaces.com,China,1.56.110.142
481,Rachel,Woods,rwoodsdc@virginia.edu,Indonesia,114.137.67.85
482,Edward,Lynch,elynchdd@google.it,China,120.158.20.150
483,James,Rivera,jriverade@reddit.com,China,54.64.177.254
484,Theresa,Freeman,tfreemandf@cnbc.com,Zambia,125.37.66.93
485,Ruby,Martinez,rmartinezdg@typepad.com,Vietnam,252.68.24.236
486,Frank,Walker,fwalkerdh@ovh.net,United States,28.180.133.152
487,Jimmy,Carpenter,jcarpenterdi@cmu.edu,China,92.49.155.89
488,Randy,Walker,rwalkerdj@xinhuanet.com,China,60.135.4.243
489,Shirley,Mason,smasondk@indiatimes.com,Philippines,163.168.189.130
490,Carl,Rice,cricedl@google.com.br,China,50.81.219.193
491,Ann,Mason,amasondm@foxnews.com,Kazakhstan,195.98.63.129
492,Keith,Sims,ksimsdn@mozilla.com,Russia,183.153.33.169
493,Jacqueline,West,jwestdo@pagesperso-orange.fr,Thailand,124.170.85.227
494,Cynthia,Gardner,cgardnerdp@hexun.com,Ukraine,134.72.219.35
495,Joe,Watson,jwatsondq@twitpic.com,China,100.43.77.229
496,Diana,Gilbert,dgilbertdr@examiner.com,Portugal,180.152.228.133
497,Cheryl,Patterson,cpattersonds@so-net.ne.jp,Philippines,115.10.18.115
498,Ronald,Elliott,relliottdt@wp.com,Philippines,142.100.108.195
499,Walter,Hughes,whughesdu@ehow.com,China,154.120.168.30
500,Larry,West,lwestdv@umich.edu,France,25.0.213.242
501,Cheryl,Harper,charperdw@merriam-webster.com,Canada,132.105.139.86
502,Amy,Lewis,alewisdx@moonfruit.com,Argentina,235.8.100.51
503,Jean,Medina,jmedinady@csmonitor.com,Nigeria,67.213.164.3
504,Antonio,Ryan,aryandz@flickr.com,China,63.196.221.72
505,Louise,Ward,lwarde0@linkedin.com,China,232.62.88.13
506,Roger,Griffin,rgriffine1@google.pl,Mali,120.129.188.120
507,Cheryl,Fields,cfieldse2@shareasale.com,Ukraine,58.64.70.189
508,Patricia,Long,plonge3@jimdo.com,Czech Republic,206.152.52.233
509,Heather,Frazier,hfraziere4@photobucket.com,Morocco,41.96.239.252
510,Roy,Burns,rburnse5@bbb.org,Indonesia,178.144.149.80
511,Jane,Elliott,jelliotte6@dropbox.com,France,7.220.203.247
512,Richard,Woods,rwoodse7@theguardian.com,China,115.148.60.202
513,Kathy,Fields,kfieldse8@xinhuanet.com,Russia,15.190.227.50
514,Kenneth,Lee,kleee9@deviantart.com,Philippines,148.220.12.105
515,Benjamin,Reyes,breyesea@huffingtonpost.com,Nigeria,149.41.109.198
516,Sarah,Rivera,sriveraeb@upenn.edu,Japan,232.163.22.252
517,Jennifer,Clark,jclarkec@symantec.com,Indonesia,4.44.0.90
518,Keith,Thompson,kthompsoned@marketwatch.com,Mexico,243.247.114.14
519,Margaret,Wright,mwrightee@narod.ru,Indonesia,90.58.127.129
520,Alice,Cole,acoleef@shinystat.com,Vietnam,33.29.125.147
521,Harold,Rice,hriceeg@dropbox.com,China,106.85.22.169
522,Larry,George,lgeorgeeh@printfriendly.com,China,193.159.237.33
523,Brian,Bell,bbellei@oakley.com,Portugal,223.133.240.222
524,Tina,Scott,tscottej@ycombinator.com,Jordan,124.166.5.173
525,Ronald,Alvarez,ralvarezek@mysql.com,Kazakhstan,152.200.8.142
526,Martin,Day,mdayel@army.mil,Micronesia,96.241.6.192
527,Eugene,Martinez,emartinezem@patch.com,Indonesia,155.221.241.25
528,Terry,Gray,tgrayen@ox.ac.uk,Russia,222.82.247.100
529,Betty,Green,bgreeneo@howstuffworks.com,Netherlands,243.162.190.214
530,Tina,Montgomery,tmontgomeryep@census.gov,Philippines,24.7.12.183
531,Mary,Lawson,mlawsoneq@google.nl,Bangladesh,205.103.127.44
532,Rachel,Matthews,rmatthewser@google.co.uk,Canada,10.59.75.240
533,Stephanie,West,swestes@w3.org,Russia,32.10.96.124
534,Louis,Kennedy,lkennedyet@dot.gov,Poland,14.124.237.119
535,Cynthia,Robinson,crobinsoneu@java.com,Brazil,17.191.216.63
536,Willie,Fisher,wfisherev@springer.com,China,105.9.49.173
537,Steve,Carroll,scarrollew@digg.com,Denmark,220.207.225.199
538,Clarence,Clark,cclarkex@list-manage.com,Portugal,248.253.208.56
539,Willie,Ortiz,wortizey@fda.gov,Thailand,137.241.20.63
540,Billy,Cooper,bcooperez@unesco.org,Portugal,18.112.232.190
541,Albert,Carter,acarterf0@163.com,Luxembourg,219.155.141.243
542,Irene,Greene,igreenef1@ted.com,United States,163.91.204.124
543,Terry,Butler,tbutlerf2@naver.com,South Africa,225.169.214.249
544,Rebecca,Miller,rmillerf3@smh.com.au,China,2.135.251.90
545,Sharon,Adams,sadamsf4@hostgator.com,Japan,239.79.97.88
546,Donna,Barnes,dbarnesf5@ezinearticles.com,Afghanistan,62.125.66.67
547,Scott,Gordon,sgordonf6@dell.com,China,81.9.18.94
548,Lisa,Parker,lparkerf7@dyndns.org,Brazil,209.115.11.105
549,Rebecca,Miller,rmillerf8@freewebs.com,Philippines,205.78.142.236
550,Donna,Roberts,drobertsf9@addthis.com,Indonesia,70.208.166.189
551,Daniel,Williams,dwilliamsfa@fotki.com,Spain,255.216.17.56
552,Martin,Gray,mgrayfb@yale.edu,China,241.223.107.154
553,Howard,Wells,hwellsfc@who.int,China,162.189.15.179
554,Shawn,Davis,sdavisfd@facebook.com,Russia,38.56.184.176
555,Douglas,James,djamesfe@bigcartel.com,Sweden,4.62.61.117
556,Anna,Boyd,aboydff@ucoz.ru,Tunisia,145.66.84.108
557,Rachel,Dean,rdeanfg@nymag.com,Albania,53.189.245.189
558,Theresa,Jacobs,tjacobsfh@wired.com,China,191.108.22.104
559,Kathleen,Lee,kleefi@booking.com,Indonesia,220.68.130.165
560,Denise,Bennett,dbennettfj@mapquest.com,China,31.13.151.36
561,Harold,Hawkins,hhawkinsfk@fotki.com,Indonesia,89.255.24.191
562,Harold,Jenkins,hjenkinsfl@yolasite.com,Japan,247.168.26.214
563,Willie,Brooks,wbrooksfm@who.int,Norway,239.247.113.140
564,Jimmy,Andrews,jandrewsfn@webmd.com,Canada,69.208.202.5
565,Randy,Medina,rmedinafo@blogs.com,Poland,248.25.82.13
566,Heather,Sanders,hsandersfp@springer.com,Madagascar,84.143.207.108
567,Mark,Burton,mburtonfq@ustream.tv,China,93.75.144.48
568,Judith,Harper,jharperfr@squarespace.com,Indonesia,1.151.94.51
569,Paul,Ford,pfordfs@noaa.gov,Colombia,87.226.195.47
570,Larry,Cunningham,lcunninghamft@imageshack.us,Tanzania,97.81.172.13
571,Marie,Holmes,mholmesfu@cdc.gov,Japan,200.70.91.94
572,Theresa,Rice,tricefv@bloglovin.com,Sweden,91.173.248.72
573,Earl,Davis,edavisfw@baidu.com,Gabon,91.134.52.110
574,Alice,Martin,amartinfx@github.com,China,235.223.135.70
575,Helen,Coleman,hcolemanfy@weebly.com,Bolivia,211.57.143.192
576,James,Garcia,jgarciafz@spiegel.de,Brazil,48.105.72.203
577,Christine,Perez,cperezg0@twitter.com,France,167.213.72.244
578,Kimberly,Cooper,kcooperg1@slate.com,Brazil,27.96.45.208
579,Denise,Washington,dwashingtong2@scribd.com,Indonesia,187.23.124.52
580,Jonathan,Burton,jburtong3@webeden.co.uk,Canada,198.215.133.25
581,Edward,Graham,egrahamg4@networksolutions.com,Mexico,158.140.85.115
582,Cheryl,Brown,cbrowng5@so-net.ne.jp,Philippines,23.163.47.175
583,Steven,Wells,swellsg6@imageshack.us,Moldova,111.78.10.89
584,Kevin,George,kgeorgeg7@spiegel.de,Latvia,209.57.48.146
585,Brandon,Olson,bolsong8@hc360.com,Portugal,212.199.254.195
586,Julie,Mills,jmillsg9@tumblr.com,United States,224.189.107.110
587,Louise,Welch,lwelchga@1und1.de,Philippines,127.5.105.242
588,Kenneth,Butler,kbutlergb@hostgator.com,China,93.253.173.45
589,Donald,Gilbert,dgilbertgc@wordpress.org,Marshall Islands,100.207.148.75
590,Chris,Cunningham,ccunninghamgd@posterous.com,Honduras,251.56.83.73
591,Angela,Washington,awashingtonge@independent.co.uk,Uzbekistan,188.61.12.35
592,Judy,Murphy,jmurphygf@wisc.edu,Philippines,140.104.99.221
593,Sarah,Hansen,shansengg@washingtonpost.com,France,7.255.2.115
594,Cynthia,Bowman,cbowmangh@free.fr,China,161.103.85.216
595,Keith,Daniels,kdanielsgi@skyrock.com,North Korea,210.0.159.152
596,Phyllis,Hughes,phughesgj@ustream.tv,Venezuela,172.217.79.251
597,Nancy,Nguyen,nnguyengk@baidu.com,China,221.189.198.192
598,Carolyn,Peters,cpetersgl@soundcloud.com,Poland,80.164.100.5
599,Lois,Garcia,lgarciagm@cloudflare.com,Venezuela,224.10.38.103
600,Douglas,Ortiz,dortizgn@wufoo.com,Tunisia,70.235.112.253
601,Jerry,Reynolds,jreynoldsgo@dropbox.com,Indonesia,228.27.132.113
602,Carol,Ford,cfordgp@simplemachines.org,Portugal,148.216.110.201
603,Frances,Garrett,fgarrettgq@amazon.de,Indonesia,188.36.101.213
604,Bonnie,Fields,bfieldsgr@hugedomains.com,Mexico,132.67.249.126
605,Alice,Pierce,apiercegs@amazon.de,Canada,76.240.121.20
606,Mary,Morales,mmoralesgt@com.com,Latvia,142.221.133.142
607,Adam,Bishop,abishopgu@examiner.com,Brazil,33.129.48.44
608,Sharon,Ellis,sellisgv@cpanel.net,Portugal,92.119.37.217
609,Benjamin,Ray,braygw@amazonaws.com,Japan,47.59.82.161
610,Jerry,Morales,jmoralesgx@fema.gov,Kenya,136.89.236.98
611,Kathryn,Morgan,kmorgangy@mapquest.com,Indonesia,67.146.23.2
612,Martha,Rose,mrosegz@artisteer.com,Russia,219.221.250.250
613,Joe,Ramirez,jramirezh0@altervista.org,Gambia,113.101.159.236
614,Alan,Allen,aallenh1@vimeo.com,Ukraine,202.64.88.186
615,John,Castillo,jcastilloh2@netscape.com,Indonesia,148.179.93.177
616,Wanda,Spencer,wspencerh3@google.fr,United States,11.241.202.113
617,Johnny,Hayes,jhayesh4@utexas.edu,Japan,208.131.49.179
618,Martha,Williams,mwilliamsh5@addthis.com,Portugal,81.22.94.5
619,Chris,Schmidt,cschmidth6@miitbeian.gov.cn,Sweden,255.86.125.232
620,Mark,Torres,mtorresh7@technorati.com,Indonesia,198.190.197.51
621,Robert,Mccoy,rmccoyh8@chicagotribune.com,Macedonia,204.213.152.10
622,Pamela,Mitchell,pmitchellh9@loc.gov,Argentina,226.75.40.213
623,Rebecca,Day,rdayha@timesonline.co.uk,Mongolia,183.198.214.30
624,Ruth,Adams,radamshb@sciencedirect.com,Philippines,167.12.5.99
625,Debra,Hawkins,dhawkinshc@tumblr.com,Nigeria,118.217.8.205
626,Gloria,Matthews,gmatthewshd@sfgate.com,Peru,21.46.250.63
627,Diana,Baker,dbakerhe@nbcnews.com,Indonesia,190.85.51.108
628,Betty,Lawson,blawsonhf@360.cn,France,126.170.236.80
629,Heather,Graham,hgrahamhg@japanpost.jp,China,44.77.63.253
630,Victor,Peters,vpetershh@java.com,Poland,93.78.111.185
631,Henry,Carroll,hcarrollhi@fc2.com,Indonesia,83.18.249.213
632,Andrea,Morales,amoraleshj@meetup.com,Portugal,196.0.133.169
633,Charles,Ramos,cramoshk@examiner.com,China,238.80.176.1
634,Angela,Cunningham,acunninghamhl@tripadvisor.com,Dominican Republic,4.72.47.142
635,Johnny,Wood,jwoodhm@dropbox.com,China,82.145.211.214
636,Robin,Carter,rcarterhn@comcast.net,Vanuatu,211.214.4.28
637,Timothy,Greene,tgreeneho@tuttocitta.it,Indonesia,4.75.59.137
638,Denise,Ryan,dryanhp@yellowbook.com,Malaysia,75.195.42.164
639,Amanda,Myers,amyershq@ucla.edu,Colombia,134.35.31.98
640,Daniel,Garza,dgarzahr@hatena.ne.jp,Germany,129.255.234.240
641,Laura,Lewis,llewishs@cdbaby.com,Brazil,8.137.155.245
642,Donna,Richardson,drichardsonht@miitbeian.gov.cn,China,144.144.48.50
643,Benjamin,Snyder,bsnyderhu@accuweather.com,Thailand,64.220.28.44
644,Julia,Kelly,jkellyhv@shinystat.com,Democratic Republic of the Congo,54.181.205.241
645,Beverly,Hill,bhillhw@simplemachines.org,Canada,135.71.248.191
646,Evelyn,Palmer,epalmerhx@ed.gov,Indonesia,121.112.16.50
647,Michelle,Gonzalez,mgonzalezhy@boston.com,Canada,123.58.45.19
648,Benjamin,Cook,bcookhz@arstechnica.com,Poland,18.218.10.70
649,Earl,Edwards,eedwardsi0@businessweek.com,Indonesia,13.187.137.15
650,Kelly,Allen,kalleni1@dmoz.org,Dominican Republic,79.162.107.105
651,Susan,Green,sgreeni2@washington.edu,China,82.18.74.152
652,Judith,Brown,jbrowni3@china.com.cn,Argentina,203.120.100.119
653,Norma,Schmidt,nschmidti4@i2i.jp,Vietnam,147.102.95.198
654,Kevin,Hudson,khudsoni5@google.es,Russia,30.59.76.15
655,Rebecca,West,rwesti6@about.com,China,102.99.243.102
656,Albert,Berry,aberryi7@stumbleupon.com,Italy,254.158.105.184
657,Adam,Peters,apetersi8@weibo.com,Mongolia,206.245.46.220
658,Diana,Porter,dporteri9@joomla.org,Ivory Coast,14.5.19.108
659,Evelyn,Collins,ecollinsia@ezinearticles.com,Sri Lanka,77.164.14.172
660,Joseph,Porter,jporterib@hibu.com,Ireland,240.139.115.66
661,Cheryl,Elliott,celliottic@gravatar.com,Russia,244.225.42.69
662,Richard,Reyes,rreyesid@printfriendly.com,Indonesia,251.235.202.54
663,Theresa,Lane,tlaneie@shop-pro.jp,China,248.64.196.115
664,Joan,Jenkins,jjenkinsif@npr.org,China,115.200.213.246
665,William,Hunter,whunterig@wp.com,Ukraine,183.27.225.73
666,Gregory,Lawson,glawsonih@statcounter.com,Philippines,203.211.102.23
667,Wanda,Tucker,wtuckerii@prlog.org,Poland,54.200.34.220
668,Rose,Greene,rgreeneij@google.ca,Liberia,23.91.183.201
669,Phyllis,Carpenter,pcarpenterik@uol.com.br,Angola,104.221.129.201
670,Denise,Harrison,dharrisonil@spotify.com,Sweden,56.109.24.255
671,Gregory,Perkins,gperkinsim@blogspot.com,Russia,26.64.174.160
672,Ronald,Hughes,rhughesin@a8.net,China,6.22.24.136
673,Frances,Mcdonald,fmcdonaldio@addtoany.com,Brazil,236.145.115.170
674,Johnny,Warren,jwarrenip@zimbio.com,Philippines,237.64.79.42
675,Joan,Flores,jfloresiq@sbwire.com,Brazil,111.163.52.177
676,Janice,Butler,jbutlerir@opensource.org,Bolivia,31.105.53.126
677,Jeremy,Bowman,jbowmanis@shutterfly.com,Indonesia,97.28.64.152
678,Margaret,Wallace,mwallaceit@virginia.edu,Ivory Coast,89.80.58.114
679,Louise,Jackson,ljacksoniu@istockphoto.com,Kuwait,137.82.92.98
680,Lillian,Montgomery,lmontgomeryiv@virginia.edu,Czech Republic,153.232.143.60
681,Donna,Cooper,dcooperiw@wufoo.com,China,13.249.133.240
682,Kathryn,Andrews,kandrewsix@sbwire.com,Poland,36.119.138.226
683,George,Young,gyoungiy@google.co.jp,Japan,19.156.96.242
684,Gary,Richards,grichardsiz@furl.net,Slovenia,76.136.75.132
685,Gary,Long,glongj0@independent.co.uk,Indonesia,122.216.122.238
686,Kathleen,Gutierrez,kgutierrezj1@aboutads.info,Portugal,85.46.93.6
687,Bruce,Myers,bmyersj2@xrea.com,Russia,89.188.60.98
688,Jesse,White,jwhitej3@msn.com,Colombia,135.177.15.110
689,Sharon,Williams,swilliamsj4@seesaa.net,Paraguay,203.127.68.152
690,Jane,Bowman,jbowmanj5@twitter.com,Spain,191.125.174.240
691,Willie,Spencer,wspencerj6@wufoo.com,China,137.223.99.78
692,Randy,Hunt,rhuntj7@mtv.com,Brazil,239.228.182.1
693,Daniel,Matthews,dmatthewsj8@reverbnation.com,Bangladesh,192.98.57.9
694,Steve,Grant,sgrantj9@webnode.com,Sweden,90.243.53.235
695,Maria,Lynch,mlynchja@statcounter.com,United States,13.51.209.6
696,Brandon,Henry,bhenryjb@github.io,China,206.140.142.162
697,Todd,Rose,trosejc@wordpress.org,Russia,193.184.177.135
698,Robert,Stephens,rstephensjd@nyu.edu,Mexico,190.254.185.11
699,Bobby,Baker,bbakerje@list-manage.com,South Africa,173.62.48.159
700,Beverly,Hawkins,bhawkinsjf@paginegialle.it,China,158.232.206.71
701,Arthur,Ward,awardjg@friendfeed.com,Lithuania,107.86.139.195
702,Carolyn,Lopez,clopezjh@163.com,Portugal,10.230.80.255
703,Joyce,Evans,jevansji@drupal.org,Philippines,25.0.249.180
704,Douglas,Dixon,ddixonjj@earthlink.net,China,163.192.99.143
705,Jack,Willis,jwillisjk@accuweather.com,China,157.122.204.9
706,Louise,Bennett,lbennettjl@gmpg.org,Gambia,18.102.189.33
707,Cheryl,Elliott,celliottjm@etsy.com,Thailand,4.16.149.98
708,Frances,Cook,fcookjn@cafepress.com,Indonesia,232.63.192.242
709,Roy,Garza,rgarzajo@people.com.cn,Philippines,64.146.10.163
710,Carol,Morgan,cmorganjp@theatlantic.com,Martinique,36.124.41.91
711,Lawrence,Scott,lscottjq@blogtalkradio.com,El Salvador,171.219.11.124
712,Stephanie,Lawrence,slawrencejr@flickr.com,Russia,175.16.76.100
713,Robert,Day,rdayjs@icio.us,Democratic Republic of the Congo,84.64.155.169
714,Julia,Gomez,jgomezjt@ihg.com,Nigeria,25.47.123.185
715,Harold,Gomez,hgomezju@geocities.jp,Philippines,236.219.254.235
716,Sandra,Howard,showardjv@nationalgeographic.com,Brazil,154.151.94.20
717,Lisa,Garcia,lgarciajw@statcounter.com,Indonesia,220.175.139.14
718,Kimberly,Spencer,kspencerjx@washingtonpost.com,Philippines,187.32.90.151
719,Carol,Boyd,cboydjy@foxnews.com,Kenya,31.20.234.195
720,Theresa,Boyd,tboydjz@miibeian.gov.cn,Belarus,170.87.138.198
721,Kenneth,Hart,khartk0@wikispaces.com,Bosnia and Herzegovina,101.194.161.12
722,Eric,Stephens,estephensk1@etsy.com,Indonesia,132.77.56.217
723,Aaron,Kelly,akellyk2@google.com.br,Peru,47.78.28.145
724,Jeffrey,Stone,jstonek3@paginegialle.it,Greece,232.115.46.150
725,Martin,Webb,mwebbk4@uol.com.br,Greece,178.236.77.239
726,Andrea,Carpenter,acarpenterk5@loc.gov,Indonesia,78.159.203.225
727,Walter,Hart,whartk6@phoca.cz,Benin,17.200.202.172
728,Ann,Payne,apaynek7@nba.com,China,45.132.100.25
729,Rebecca,Graham,rgrahamk8@boston.com,China,143.103.122.228
730,Thomas,Johnston,tjohnstonk9@spiegel.de,France,180.162.163.17
731,Chris,Carroll,ccarrollka@bluehost.com,Palestinian Territory,195.196.86.201
732,Phyllis,Olson,polsonkb@weebly.com,Czech Republic,225.5.153.64
733,Brandon,Smith,bsmithkc@wikia.com,Peru,188.56.242.164
734,Helen,Phillips,hphillipskd@ft.com,Vietnam,70.223.236.223
735,Sarah,Taylor,staylorke@google.es,United Kingdom,114.161.209.44
736,Joyce,Hawkins,jhawkinskf@forbes.com,Mexico,69.153.22.184
737,Phyllis,Grant,pgrantkg@fastcompany.com,Indonesia,199.130.63.71
738,Anne,Kennedy,akennedykh@economist.com,Thailand,78.166.166.181
739,Jeremy,Burke,jburkeki@imageshack.us,Canada,234.249.195.12
740,Rachel,Long,rlongkj@1und1.de,Finland,0.207.59.14
741,Virginia,Russell,vrussellkk@soundcloud.com,China,33.96.208.135
742,Ruby,Garrett,rgarrettkl@kickstarter.com,Finland,28.235.98.211
743,Jeremy,Morrison,jmorrisonkm@google.com,Russia,205.21.2.44
744,Patricia,Hudson,phudsonkn@wordpress.org,Yemen,47.220.141.28
745,Anne,Harper,aharperko@tamu.edu,Macedonia,82.106.121.253
746,Jacqueline,Gomez,jgomezkp@opensource.org,China,128.188.117.129
747,Alan,Jenkins,ajenkinskq@multiply.com,United Kingdom,202.119.94.123
748,Tina,Oliver,toliverkr@walmart.com,China,135.75.145.19
749,Norma,Bowman,nbowmanks@jalbum.net,Bosnia and Herzegovina,82.159.238.102
750,Michelle,Griffin,mgriffinkt@columbia.edu,Colombia,222.154.153.244
751,Kathleen,Stone,kstoneku@smh.com.au,Bosnia and Herzegovina,36.101.223.121
752,Susan,Vasquez,svasquezkv@seesaa.net,Poland,241.13.73.253
753,Lillian,Woods,lwoodskw@telegraph.co.uk,Kazakhstan,248.118.136.155
754,Ann,Medina,amedinakx@myspace.com,Canada,87.86.114.186
755,Irene,Matthews,imatthewsky@accuweather.com,Sweden,30.22.223.144
756,Jean,Wilson,jwilsonkz@netlog.com,Poland,52.75.53.121
757,Earl,King,ekingl0@ibm.com,Indonesia,16.166.137.40
758,Christopher,Hayes,chayesl1@usatoday.com,China,255.76.166.204
759,Linda,Baker,lbakerl2@vinaora.com,Paraguay,123.25.233.146
760,Cheryl,Garza,cgarzal3@tmall.com,China,202.43.44.154
761,Donald,Burton,dburtonl4@reuters.com,Peru,166.170.148.165
762,Paul,Murphy,pmurphyl5@google.pl,Portugal,209.131.237.244
763,Pamela,King,pkingl6@house.gov,Croatia,231.21.133.38
764,Ralph,Gibson,rgibsonl7@i2i.jp,United States,247.38.203.6
765,Karen,Webb,kwebbl8@ycombinator.com,Russia,96.228.240.1
766,Catherine,Vasquez,cvasquezl9@cbsnews.com,Greece,93.56.63.212
767,Benjamin,Fowler,bfowlerla@instagram.com,Japan,232.100.161.180
768,Howard,Kim,hkimlb@cmu.edu,Afghanistan,91.21.33.184
769,Jane,Jenkins,jjenkinslc@reference.com,Indonesia,3.59.73.111
770,Tammy,Burton,tburtonld@columbia.edu,Philippines,248.219.238.212
771,Margaret,Woods,mwoodsle@berkeley.edu,Guatemala,74.41.5.242
772,Betty,Austin,baustinlf@auda.org.au,Indonesia,160.101.86.177
773,Jeffrey,Mccoy,jmccoylg@dedecms.com,Sweden,114.229.201.156
774,Roy,Matthews,rmatthewslh@w3.org,Armenia,177.185.166.165
775,Patricia,Murray,pmurrayli@netscape.com,United States,192.83.173.125
776,Randy,Hunter,rhunterlj@businessinsider.com,Colombia,157.147.188.241
777,Howard,Greene,hgreenelk@house.gov,China,226.92.178.9
778,Linda,Murphy,lmurphyll@ft.com,Pakistan,153.34.9.175
779,Stephen,Jordan,sjordanlm@istockphoto.com,China,84.41.150.103
780,Brandon,Jackson,bjacksonln@vinaora.com,Thailand,97.252.241.216
781,Paul,Hawkins,phawkinslo@zimbio.com,Pakistan,156.104.152.71
782,Gregory,Jordan,gjordanlp@unicef.org,France,220.142.153.126
783,William,Matthews,wmatthewslq@go.com,Ukraine,178.37.47.117
784,Johnny,Morales,jmoraleslr@sourceforge.net,Lebanon,126.249.89.8
785,Elizabeth,Cooper,ecooperls@unc.edu,Brazil,9.237.190.23
786,Douglas,Morgan,dmorganlt@google.it,Sri Lanka,240.110.165.116
787,Daniel,Reid,dreidlu@alibaba.com,Slovenia,123.61.92.204
788,Albert,Kim,akimlv@guardian.co.uk,Greece,96.90.116.254
789,Teresa,Fuller,tfullerlw@skyrock.com,China,159.155.179.92
790,Peter,Morales,pmoraleslx@nhs.uk,Brazil,222.10.242.254
791,Carolyn,West,cwestly@bigcartel.com,Mozambique,115.57.199.30
792,Heather,Simmons,hsimmonslz@archive.org,South Africa,97.31.144.142
793,Jeremy,Mitchell,jmitchellm0@nasa.gov,Indonesia,162.41.75.15
794,Kevin,Fowler,kfowlerm1@fema.gov,China,169.157.215.62
795,Phillip,Williamson,pwilliamsonm2@exblog.jp,Ukraine,157.6.12.192
796,Betty,Myers,bmyersm3@comsenz.com,Indonesia,49.40.203.126
797,Andrea,Mason,amasonm4@sakura.ne.jp,Japan,210.124.211.109
798,Steve,Peters,spetersm5@skype.com,Bosnia and Herzegovina,12.147.216.248
799,Craig,Chavez,cchavezm6@t.co,Greece,4.108.54.8
800,Betty,Knight,bknightm7@unicef.org,Palestinian Territory,254.46.125.106
801,Tina,Montgomery,tmontgomerym8@stumbleupon.com,Honduras,78.60.84.111
802,Nancy,Kelley,nkelleym9@fc2.com,Indonesia,160.209.81.2
803,Rose,Fowler,rfowlerma@yandex.ru,Nigeria,250.81.114.42
804,Philip,Young,pyoungmb@live.com,Uganda,0.4.101.92
805,John,Wagner,jwagnermc@hc360.com,Indonesia,92.89.70.135
806,Joyce,Jenkins,jjenkinsmd@liveinternet.ru,France,194.234.178.161
807,Chris,Young,cyoungme@sakura.ne.jp,China,2.90.216.22
808,Peter,Palmer,ppalmermf@ustream.tv,Russia,101.173.196.119
809,Deborah,Hall,dhallmg@dmoz.org,China,105.241.98.109
810,Joe,Duncan,jduncanmh@un.org,Indonesia,13.120.188.193
811,Thomas,Stevens,tstevensmi@yahoo.com,China,226.10.252.56
812,Terry,Simpson,tsimpsonmj@dailymotion.com,Peru,168.125.14.180
813,Randy,Pierce,rpiercemk@mayoclinic.com,Ecuador,189.85.218.230
814,Deborah,Carroll,dcarrollml@homestead.com,Indonesia,2.222.83.77
815,Sean,Wheeler,swheelermm@slashdot.org,Zimbabwe,130.131.168.182
816,Tammy,Bailey,tbaileymn@adobe.com,Bolivia,88.190.146.220
817,Eric,Ferguson,efergusonmo@tinypic.com,Canada,93.19.20.158
818,Debra,Fowler,dfowlermp@narod.ru,Honduras,153.120.188.149
819,Doris,Bowman,dbowmanmq@earthlink.net,China,213.65.107.128
820,Ernest,Price,epricemr@creativecommons.org,China,236.2.250.134
821,Gary,Moore,gmoorems@qq.com,China,76.22.111.235
822,George,Meyer,gmeyermt@mapy.cz,Ethiopia,177.109.60.227
823,Judith,Wells,jwellsmu@nsw.gov.au,Germany,173.149.154.186
824,Karen,Graham,kgrahammv@webeden.co.uk,Portugal,223.102.30.62
825,Ronald,Pierce,rpiercemw@pbs.org,Brazil,30.143.227.26
826,Tina,Hunter,thuntermx@imdb.com,China,174.203.50.152
827,Douglas,Gomez,dgomezmy@oracle.com,Pakistan,0.128.15.160
828,Jeffrey,Morris,jmorrismz@java.com,France,120.89.217.131
829,Pamela,Harrison,pharrisonn0@theguardian.com,Indonesia,72.21.246.38
830,Linda,Matthews,lmatthewsn1@dot.gov,China,146.170.130.125
831,Ronald,Fields,rfieldsn2@ca.gov,Russia,255.189.20.9
832,Sarah,Clark,sclarkn3@ted.com,China,70.102.232.59
833,Philip,Hart,phartn4@shinystat.com,Kazakhstan,237.6.133.6
834,Katherine,Wheeler,kwheelern5@chicagotribune.com,Thailand,128.223.61.134
835,Michael,Arnold,marnoldn6@home.pl,Sweden,45.5.132.148
836,Ashley,Powell,apowelln7@zdnet.com,United States,179.64.112.117
837,Timothy,Arnold,tarnoldn8@scientificamerican.com,Indonesia,238.137.189.255
838,Philip,Castillo,pcastillon9@hibu.com,Indonesia,135.36.213.103
839,Gerald,Matthews,gmatthewsna@mozilla.com,Yemen,215.107.7.172
840,Harry,Simmons,hsimmonsnb@theatlantic.com,Mexico,215.48.175.144
841,Adam,Adams,aadamsnc@reuters.com,France,176.67.250.99
842,Jennifer,Carter,jcarternd@loc.gov,Greece,210.174.26.104
843,Katherine,Morgan,kmorganne@angelfire.com,Indonesia,148.1.151.110
844,Christine,Berry,cberrynf@vkontakte.ru,Argentina,196.209.219.77
845,Doris,Armstrong,darmstrongng@dell.com,Philippines,175.92.249.149
846,Carolyn,Mcdonald,cmcdonaldnh@rediff.com,Philippines,162.26.191.189
847,Carlos,Flores,cfloresni@bing.com,China,8.42.163.1
848,Dennis,Watkins,dwatkinsnj@timesonline.co.uk,France,52.82.174.136
849,Lori,Ellis,lellisnk@seesaa.net,Palestinian Territory,183.83.59.183
850,Phyllis,Long,plongnl@omniture.com,Bangladesh,159.168.122.58
851,Billy,Reynolds,breynoldsnm@t.co,China,181.255.193.197
852,Roy,Ward,rwardnn@bloglovin.com,China,133.92.113.63
853,Anne,Duncan,aduncanno@army.mil,Croatia,197.169.108.128
854,Lillian,Diaz,ldiaznp@delicious.com,China,182.202.171.87
855,Eric,Bennett,ebennettnq@whitehouse.gov,Greece,157.228.231.177
856,James,Carter,jcarternr@over-blog.com,Honduras,148.26.245.186
857,Elizabeth,Anderson,eandersonns@pen.io,Canada,184.109.132.5
858,Timothy,Fernandez,tfernandeznt@symantec.com,Indonesia,48.85.65.202
859,Jesse,Ortiz,jortiznu@amazon.de,China,172.202.42.248
860,Bonnie,Brown,bbrownnv@ning.com,Indonesia,141.168.20.204
861,Victor,Weaver,vweavernw@usgs.gov,Belgium,161.127.132.194
862,Scott,Medina,smedinanx@multiply.com,China,138.160.87.77
863,Scott,Dean,sdeanny@squarespace.com,Armenia,204.102.0.10
864,Robert,Ward,rwardnz@ihg.com,France,168.9.230.182
865,Terry,Turner,tturnero0@intel.com,Brazil,8.68.89.245
866,Elizabeth,Parker,eparkero1@gmpg.org,Ukraine,106.16.243.118
867,Phillip,James,pjameso2@yolasite.com,Czech Republic,226.215.178.18
868,Donald,Fisher,dfishero3@netlog.com,Philippines,170.161.55.166
869,Henry,Robinson,hrobinsono4@theglobeandmail.com,Indonesia,74.30.164.203
870,Melissa,Medina,mmedinao5@wiley.com,China,249.27.143.133
871,Keith,Anderson,kandersono6@pbs.org,Philippines,114.197.95.37
872,Harold,Willis,hwilliso7@webeden.co.uk,Russia,75.249.185.216
873,Phillip,Sullivan,psullivano8@nsw.gov.au,China,172.82.174.112
874,Robin,George,rgeorgeo9@addtoany.com,United States,207.46.255.143
875,Donald,Frazier,dfrazieroa@moonfruit.com,Cameroon,43.73.108.51
876,Stephen,Henderson,shendersonob@stanford.edu,China,101.136.198.145
877,Sharon,Edwards,sedwardsoc@redcross.org,Poland,47.104.198.225
878,Margaret,Knight,mknightod@cbsnews.com,South Korea,254.233.186.176
879,Christina,Sims,csimsoe@usda.gov,Costa Rica,233.39.71.148
880,Betty,Hunt,bhuntof@vinaora.com,Indonesia,141.26.167.93
881,Catherine,Richardson,crichardsonog@ft.com,Indonesia,137.184.73.84
882,Anne,Robertson,arobertsonoh@virginia.edu,Japan,125.35.49.103
883,Billy,Davis,bdavisoi@usgs.gov,United Kingdom,192.176.81.117
884,Ann,Olson,aolsonoj@mashable.com,Czech Republic,92.29.73.100
885,Willie,Kim,wkimok@springer.com,Paraguay,39.2.199.162
886,Shawn,Cox,scoxol@sun.com,Poland,75.47.161.25
887,Scott,Lawrence,slawrenceom@mail.ru,Canada,194.1.238.130
888,Earl,Wilson,ewilsonon@wikispaces.com,Colombia,125.158.191.180
889,Nancy,Dixon,ndixonoo@jimdo.com,Indonesia,89.132.197.181
890,Russell,Kim,rkimop@redcross.org,Philippines,169.220.33.88
891,Pamela,Nelson,pnelsonoq@utexas.edu,Indonesia,65.194.117.217
892,Walter,Thompson,wthompsonor@prweb.com,Philippines,216.205.179.33
893,Nicholas,Little,nlittleos@rambler.ru,Indonesia,22.140.197.114
894,Diana,Hanson,dhansonot@umich.edu,United Kingdom,17.32.113.92
895,Richard,Williams,rwilliamsou@tripadvisor.com,United States,114.215.172.127
896,Angela,Rivera,ariveraov@addthis.com,China,245.10.71.40
897,Michael,Stephens,mstephensow@oaic.gov.au,Bahamas,134.11.81.130
898,Andrea,Baker,abakerox@nydailynews.com,Afghanistan,163.112.11.95
899,Victor,Torres,vtorresoy@jimdo.com,China,177.180.77.227
900,Clarence,Spencer,cspenceroz@salon.com,Benin,150.24.179.63
901,Shawn,Chavez,schavezp0@bloglovin.com,Jordan,67.211.88.159
902,Aaron,Adams,aadamsp1@t-online.de,Indonesia,49.120.114.226
903,Dennis,Rodriguez,drodriguezp2@exblog.jp,Peru,26.182.229.80
904,Stephanie,Reyes,sreyesp3@wikia.com,Colombia,242.225.170.238
905,David,Gordon,dgordonp4@bing.com,Russia,43.210.32.115
906,Nicholas,Riley,nrileyp5@unesco.org,China,27.15.94.29
907,Michael,Hall,mhallp6@tripadvisor.com,Brazil,153.242.50.215
908,Marilyn,Nguyen,mnguyenp7@themeforest.net,Russia,109.79.166.66
909,Joshua,Johnson,jjohnsonp8@ask.com,Panama,12.74.11.248
910,Betty,Ellis,bellisp9@ebay.co.uk,China,83.171.78.240
911,Shawn,Richardson,srichardsonpa@examiner.com,China,120.119.159.249
912,Louise,Schmidt,lschmidtpb@army.mil,China,124.209.190.109
913,Larry,Cruz,lcruzpc@sogou.com,China,217.124.123.23
914,Shawn,Bishop,sbishoppd@soup.io,Indonesia,90.213.170.212
915,Lillian,Perez,lperezpe@cloudflare.com,China,125.76.245.14
916,Kenneth,Gibson,kgibsonpf@ehow.com,Indonesia,214.181.94.54
917,Barbara,Hunt,bhuntpg@businesswire.com,China,198.254.31.154
918,Anthony,Warren,awarrenph@cloudflare.com,Canada,115.10.215.61
919,Patricia,Gilbert,pgilbertpi@examiner.com,Philippines,217.7.182.97
920,Kevin,Bradley,kbradleypj@1688.com,Indonesia,187.62.62.82
921,Christina,Shaw,cshawpk@loc.gov,Argentina,199.164.83.142
922,Sarah,Mendoza,smendozapl@t-online.de,China,35.103.30.152
923,Shirley,George,sgeorgepm@yellowbook.com,Haiti,230.172.95.239
924,Keith,Hall,khallpn@tinyurl.com,Russia,52.248.145.115
925,Patrick,Bryant,pbryantpo@bloglovin.com,Japan,69.232.116.91
926,Irene,Gibson,igibsonpp@nps.gov,Indonesia,217.23.198.162
927,Mildred,Garrett,mgarrettpq@ezinearticles.com,China,114.68.51.151
928,Harold,Ramos,hramospr@mail.ru,Morocco,92.128.128.83
929,Henry,Williamson,hwilliamsonps@scribd.com,Japan,216.138.233.97
930,Donald,Torres,dtorrespt@elegantthemes.com,Philippines,198.215.198.210
931,Joyce,Anderson,jandersonpu@prnewswire.com,Philippines,116.105.225.239
932,Mark,Little,mlittlepv@wufoo.com,China,89.87.40.182
933,Frances,Diaz,fdiazpw@miitbeian.gov.cn,Guadeloupe,168.145.88.177
934,Howard,Jones,hjonespx@techcrunch.com,China,227.103.44.92
935,Timothy,Barnes,tbarnespy@msn.com,Brazil,71.80.10.12
936,Samuel,Scott,sscottpz@nasa.gov,Afghanistan,116.165.30.234
937,Jeremy,Lee,jleeq0@toplist.cz,China,81.20.233.133
938,Andrea,Elliott,aelliottq1@ifeng.com,Brazil,69.32.167.0
939,Rebecca,Hernandez,rhernandezq2@php.net,Russia,239.209.86.132
940,Douglas,Reyes,dreyesq3@va.gov,United States,5.76.214.91
941,Andrew,Wright,awrightq4@arizona.edu,Japan,237.216.0.238
942,Antonio,Wallace,awallaceq5@apache.org,France,60.48.179.54
943,Ashley,Perkins,aperkinsq6@bravesites.com,Colombia,46.21.177.30
944,Joyce,Wallace,jwallaceq7@google.pl,China,39.70.29.122
945,Chris,Johnson,cjohnsonq8@nsw.gov.au,Indonesia,27.233.125.3
946,Maria,Dixon,mdixonq9@odnoklassniki.ru,China,228.126.159.191
947,Robert,Henry,rhenryqa@salon.com,Ethiopia,233.20.138.163
948,John,Morales,jmoralesqb@unblog.fr,Brazil,247.25.33.3
949,Gerald,Roberts,grobertsqc@github.com,France,203.104.251.8
950,Emily,Ferguson,efergusonqd@mac.com,Indonesia,72.229.99.12
951,Todd,Simpson,tsimpsonqe@craigslist.org,China,99.252.228.36
952,Daniel,Simpson,dsimpsonqf@comsenz.com,Philippines,77.210.98.95
953,Howard,Martinez,hmartinezqg@arstechnica.com,Indonesia,155.61.90.94
954,Jose,George,jgeorgeqh@privacy.gov.au,Pakistan,160.80.183.225
955,Jerry,Tucker,jtuckerqi@independent.co.uk,Bolivia,142.59.24.66
956,Gloria,Lewis,glewisqj@cbc.ca,Nigeria,251.230.99.34
957,Arthur,Phillips,aphillipsqk@linkedin.com,South Georgia and the South Sandwich Islands,20.57.75.215
958,Ashley,Matthews,amatthewsql@ovh.net,Morocco,21.15.239.173
959,Helen,Russell,hrussellqm@cnbc.com,Portugal,232.198.174.83
960,Russell,Armstrong,rarmstrongqn@biblegateway.com,Honduras,145.136.238.251
961,Douglas,Johnston,djohnstonqo@usa.gov,Finland,78.70.233.152
962,Annie,Nichols,anicholsqp@tripadvisor.com,Czech Republic,164.109.198.134
963,Bonnie,Warren,bwarrenqq@scientificamerican.com,Portugal,69.46.205.218
964,Judith,Lane,jlaneqr@craigslist.org,Myanmar,215.19.41.160
965,Charles,Ward,cwardqs@dyndns.org,China,30.85.195.117
966,Jack,Larson,jlarsonqt@unicef.org,Indonesia,76.180.172.203
967,Scott,Rose,srosequ@1und1.de,China,173.22.247.60
968,Bruce,Hawkins,bhawkinsqv@weibo.com,China,226.214.187.92
969,Russell,Bailey,rbaileyqw@geocities.jp,Indonesia,151.243.107.123
970,James,Owens,jowensqx@wordpress.org,Norway,80.202.104.214
971,Dennis,Griffin,dgriffinqy@4shared.com,Thailand,132.141.40.3
972,Daniel,Carr,dcarrqz@yandex.ru,Nigeria,141.162.87.26
973,Jason,Williamson,jwilliamsonr0@w3.org,Nigeria,146.158.2.18
974,Richard,Diaz,rdiazr1@toplist.cz,China,97.96.37.96
975,Martin,George,mgeorger2@imdb.com,Poland,61.65.25.242
976,Phillip,Hunt,phuntr3@youtu.be,Indonesia,207.211.166.161
977,Aaron,Wallace,awallacer4@marriott.com,China,132.15.102.4
978,Carolyn,Fowler,cfowlerr5@about.me,France,43.207.28.163
979,Tina,Lawrence,tlawrencer6@ucoz.ru,China,20.228.40.140
980,Cynthia,Alexander,calexanderr7@si.edu,Indonesia,229.25.10.220
981,Nicole,Price,npricer8@theatlantic.com,Germany,141.195.232.236
982,Annie,Hawkins,ahawkinsr9@europa.eu,China,140.100.78.228
983,Russell,Nelson,rnelsonra@unc.edu,Peru,188.135.35.123
984,Marilyn,Stone,mstonerb@google.ru,Greece,102.171.142.85
985,Jeffrey,White,jwhiterc@github.io,Tanzania,136.177.244.125
986,Judith,Alvarez,jalvarezrd@meetup.com,United States,82.210.130.66
987,Kathryn,Jones,kjonesre@mysql.com,Colombia,162.47.53.31
988,Judy,Matthews,jmatthewsrf@wp.com,Colombia,102.7.222.253
989,Christine,Weaver,cweaverrg@craigslist.org,Palestinian Territory,89.173.192.154
990,Steven,Graham,sgrahamrh@hao123.com,Colombia,142.195.30.42
991,Lillian,Meyer,lmeyerri@t.co,Indonesia,26.144.155.166
992,Robin,Owens,rowensrj@sogou.com,Brazil,138.76.134.161
993,Brandon,Richardson,brichardsonrk@npr.org,Portugal,34.42.162.118
994,Carl,Harris,charrisrl@cloudflare.com,Greece,174.87.86.51
995,Kathleen,Palmer,kpalmerrm@people.com.cn,Morocco,131.214.67.210
996,Tina,Mccoy,tmccoyrn@sakura.ne.jp,Sweden,54.39.96.1
997,Kevin,Fisher,kfisherro@issuu.com,Ukraine,224.0.93.246
998,Billy,Wood,bwoodrp@uiuc.edu,Indonesia,158.100.194.151
999,Kimberly,Garrett,kgarrettrq@surveymonkey.com,Russia,19.128.75.5
1000,Rose,Fisher,rfisherrr@rakuten.co.jp,China,51.249.21.1
asldkfj.,asdfasfasdf,asdf,sad,f,adsf,sadf,ds,as,f,asd,fsad,f,dsaf,ds,f,dsf,ads,f,dsf,ds,fds,fas,